Answer,Source,Question,Answer,Source,
T,T,What is the product identifier?,"Product Name: Revite (Green), Supplier's Name: Misco Products Corporation, Manufacturer's Name: Misco Products Corporation, Product Name: Heavy Duty Cleaner Degreaser",SECTION 1-PRODUCT IDENTIFICATION AND SUPPLIER INFORMATION,
T,T,When was the Safety Data Sheet issued?,1月9日,"SECTION 0, SECTION 1",
T,T,What is the product description?,Thin green liquid with characteristic odor.,SECTION 3-PHYSICAL DATA,
T,T,Who is the manufacturer of the product?,Misco Products Corporation,SECTION 1-PRODUCT IDENTIFICATION AND SUPPLIER INFORMATION,
T,T,What is the emergency telephone number for the product?,(610) 926-4106,"SECTION 1-PRODUCT IDENTIFICATION AND SUPPLIER INFORMATION, SECTION 2-INGREDIENT INFORMATION",
F,F,What are the hazard classifications associated with the product?,"There are three hazard classifications associated with the product, specifically under the 'Health Hazard Data' section. These classifications include:","SECTION 4-FIRE AND EXPLOSION HAZARD DATA, SECTION 5-REACTIVITY DATA",
T,T,What is the signal word used for the product?,None,SECTION 11-OTHER INFORMATION,
F,T,What are the hazard statements related to the product?,"The hazard statements related to the product are Acute Tox. 4 (H330) for skin and eye irritation, Respiratory or Skin Sensitization (H317), Harmful to aquatic life with long lasting effects (H410). Additionally, it contains 2-Butoxyethanol (0-5%) which is also a hazard.","SECTION 3-PHYSICAL DATA, SECTION 4-FIRE AND EXPLOSION HAZARD DATA, SECTION 5-REACTIVITY DATA",
T,T,What precautions should be taken while handling the product?,Wear protective rubber footwear when using on floor. Wear protective outerwear when danger of mist contact may occur. Use in well ventilated area. Provide local exhaust to keep TLV of Section 2 ingredients below acceptable limit. Use chemical resistant rubber or neoprene gloves. Use safety glasses or chemical splash goggles for eye protection.,"SECTION 11-OTHER INFORMATION, SECTION 9-SPILL OR LEAK PROCEDURES, SECTION 5-REACTIVITY DATA",
F,F,What are the first aid measures in case of inhalation?,No information available in the context to determine first aid measures for inhalation.,N/A,
T,T,What are the first aid measures in case of skin contact?,Flush with water. Seek medical attention if irritation persists.,"SECTION 9-SPILL OR LEAK PROCEDURES, Skin",
T,T,What are the first aid measures in case of eye contact?,"Immediately flush with large quantities of water, holding eyelids open. Seek medical attention if irritation persists.",SECTION 9-SPILL OR LEAK PROCEDURES,
T,T,What are the first aid measures in case of ingestion?,Do not induce vomiting. Drink large quantities of water. Seek medical attention immediately.,"SECTION 9-SPILL OR LEAK PROCEDURES, Ingestion",
T,T,What are the suitable extinguishing media for a fire involving the product?,None,"SECTION 4-FIRE AND EXPLOSION HAZARD DATA,Extinguishing Media: N/A",
T,T,What are the special hazards arising from the substance during a fire?,Alkaline vapors,"SECTION 5-REACTIVITY DATA, Hazards Decomposition Products",
T,T,Are there any special fire handling procedures required for the product?,"Non Flammable, Special Firefighting Procedures: N/A",SECTION 4-FIRE AND EXPLOSION HAZARD DATA,
T,T,"How should accidental releases, spill, or leak of the product be handled?",Floors will become slippery. Avoid walking in product. Keep unessential personnel away. Mop up or otherwise absorb and hold disposal. Avoid discharge to sewer or open waterways.,SECTION 9-SPILL OR LEAK PROCEDURES,
F,F,What precautions should be taken for safe handling and storage of the product?,Wear proper personal protection. Floors will become slippery when spilled. Avoid walking in product. Mop up or otherwise absorb and hold disposal. Avoid discharge to sewer or open waterways. Rinse container thoroughly before discarding in trash.,"Steps to be taken in Case Material is Released or Spilled, SECTION 11-OTHER INFORMATION, SECTION 10-REGULATORY INFORMATION",答非所問，應該回答Section 6的內容
T,T,What are the exposure controls and personal protection measures recommended for the product?,Use in well ventilated area. Provide local exhaust to keep TLV of Section 2 ingredients below acceptable limit. Protective Gloves: Chemical resistant rubber or neoprene. Eye Protection: Safety glasses or chemical splash goggles. Other Protective Equipment: Wear protective rubber footwear when using on floor. Wear protective outerwear when danger of mist contact may occur.,"SECTION 9-SPILL OR LEAK PROCEDURES, SECTION 8-EXPOSURE CONTROLS/P PERSONAL PROTECTION",
T,T,What are the physical and chemical properties of the product?,"Physical properties include a specific gravity of 1.055, boiling point of 212簞F, vapor pressure of 20mm Hg @ 68簞F, vapor density >1, and evaporation rate <1 (Water=1). Chemical properties include the presence of alkaline vapors in case of fire, stability as stable, no hazardous polymerization, and potential for eye irritation and skin irritation with prolonged or repeated contact.","SECTION 3-PHYSICAL DATA, SECTION 4-FIRE AND EXPLOSION DATA, SECTION 2-INGREDIENT INFORMATION",
T,F,Is the product stable or reactive? Are there any hazardous reactions to be aware of?,"The product is stable according to Section 4 of the SDS. However, it contains 2-Butoxyethanol which has a Hazardous Polymerization warning in Section 25. Additionally, there's no specific information on hazardous reactions to be aware of, but it does contain ingredients that can cause irritation and other health effects.","Section 4, Section 25",正確來源為Section 5
T,T,What are the possible hazardous decomposition products of the product?,Alkaline vapors,SECTION 5-REACTIVITY DATA,
T,T,What is the toxicological information available for the product?,"The product is a glycol ether with potential health effects including skin irritation, eye irritation, respiratory problems upon inhalation, and gastrointestinal issues upon ingestion. Specific information on carcinogenic or suspected carcinogenic properties is listed but the chemical is not mentioned. No specific details are provided for other toxicological data.","SECTION 11-OTHER INFORMATION, SECTION 9-SPILL OR LEAK PROCEDURES",
F,F,What are the safety precautions and handling instructions for using the product?,"In case of eye exposure, immediately flush with large quantities of water, holding eyelids open. If irritation persists, seek medical attention. In case of inhalation, get to fresh air and seek medical attention if irritation persists. In case of ingestion, do not induce vomiting; drink large quantities of water and seek medical attention immediately. If the product is released or spilled, avoid walking in it; keep unessential personnel away; mop up or otherwise absorb and hold disposal; avoid discharge to sewer or open waterways.","SECTION 1-PRODUCT IDENTIFICATION AND SUPPLIER INFORMATION, SECTION 10-REGULATORY INFORMATION",答非所問，應該回答Section 6的內容
T,T,What are the potential hazards associated with the product?,"The product is a moderate skin irritant, can cause eye irritation, and may be irritating to mucous membranes in the nose, throat, and lungs. Ingestion can lead to headache, nausea, abdominal pain, vomiting, and diarrhea. It also contains alkaline vapors that can form in a fire.","SECTION 7-HEALTH HAZARDS AND FIRST AID, SECTION 6-STORAGE AND HANDLING INFORMATION, SECTION 5-REACTIVITY DATA",
T,T,What are the specific health effects or risks associated with exposure to the product?,"Skin irritation, eye irritation, tearing, redness, burning sensation; inhalation of vapors and mists may be irritating to mucous membranes in the nose, throat, and lungs; ingestion may cause headache, nausea, abdominal pain, vomiting, and diarrhea.","SECTION 8-EXPOSURE CONTROLS AND PERSONAL PROTECTION, SECTION 9-SPILL OR LEAK PROCEDURES",
T,T,What are the emergency procedures in case of inhalation of the product?,Get to fresh air. Seek medical attention if irritation persists.,"SECTION 9-SPILL OR LEAK PROCEDURES, Inhalation",
T,T,What are the emergency procedures in case of skin contact with the product?,Flush with water. Seek medical attention if irritation persists.,"SECTION 9-SPILL OR LEAK PROCEDURES, Skin",
T,T,What are the emergency procedures in case of eye contact with the product?,"Flush with large quantities of water, holding eyelids open. Seek medical attention if irritation persists.","SECTION 9-SPILL OR LEAK PROCEDURES, SECTION 8-EXPOSURE CONTROLS/PERSONAL PROTECTION",
T,T,What are the emergency procedures in case of ingestion of the product?,Do not induce vomiting. Drink large quantities of water. Seek medical attention immediately.,"SECTION 9-SPILL OR LEAK PROCEDURES, Ingestion",
T,T,What is the waste disposal method for the product?,"Any method in accordance with local, state, and federal laws. The best method is to recycle or reuse for the intended purpose.","SECTION 4-FIRE AND EXPLOSION HAZARD DATA, SECTION 10-REGULATORY INFORMATION",
T,T,Are there any specific storage requirements or conditions for safely storing the product?,Keep container closed during storage. For institutional and industrial use only.,SECTION 6-STORAGE AND HANDLING INFORMATION,
T,T,What is the shelf life of the product?,No shelf life information is available in the SDS.,SECTION 6-STORAGE AND HANDLING INFORMATION,
T,T,What are the composition and ingredients of the product?,"The product is a Heavy Duty Cleaner Degreaser (Revite Green) with the following composition and ingredients: Water (0-100%), 2-Butoxyethanol (0 to 5%), Potassium Alkyl Aryl Sulfonate (0 to 5%), Potassium Tall Oil Soap (0 to 5%), Sodium Tripolyphosphate (0 to 5%), Dye (<1%), and Fragrance (<1%).","SECTION 2-INGREDIENT INFORMATION, SECTION 3-PHYSICAL DATA",
T,T,Are there any known hazardous reactions or incompatibilities with other substances or materials?,"Hazardous polymerization is stable, but the product contains a glycol ether (2-Butoxyethanol) which can be a component of hazardous reactions. Incompatibilities are not explicitly stated in the SDS.","SECTION 4-FIRE AND EXPLOSION HAZARD DATA, SECTION 5-REACTIVITY DATA",
T,T,What is the odor of the product?,Characteristic odor,SECTION 3-PHYSICAL DATA,
T,T,What is the boiling point of the product?,212 F.,SECTION 3-PHYSICAL DATA,
T,T,Is the product flammable?,"No, the product is not flammable.",SECTION 4-FIRE AND EXPLOSION HAZARD DATA,
T,T,What is the solubility of the product?,Complete in water,"Solubility in Water: Complete, SECTION 3-PHYSICAL DATA",
T,T,"Is the product stable under certain conditions, and are there any potential decomposition products?","Yes, the product is stable. There are no potential decomposition products mentioned in the SDS.","SECTION 4-FIRE AND EXPLOSION HAZARD DATA, SECTION 24-SECTION 5-REACTIVITY DATA",
T,T,"What are the recommended engineering controls, personal protective equipment (PPE), and respiratory protection for handling the product?","Use in a well-ventilated area, provide local exhaust to keep TLV of Section 2 ingredients below acceptable limit. Protective Gloves: Chemical resistant rubber or neoprene. Eye Protection: Safety glasses or chemical splash goggles. Other Protective Equipment: Wear protective rubber footwear when using on floor. Wear protective outerwear when danger of mist contact may occur.","Respiratory Protection, Protective Gloves, Eye Protection, Other Protective Equipment, SECTION 9-SPILL OR LEAK PROCEDURES",
T,T,Are there any specific environmental precautions or considerations for the disposal of the product or its containers?,"Do not dispose of into storm drain, stream, river or to ground. Rinse container thoroughly before discarding in trash.","SECTION 10-REGULATORY INFORMATION, Waste Disposal Method",
T,T,Can the specific chemical identity or exact percentage of the composition be disclosed for the product?,"Yes, the specific chemical identity can be disclosed for some components of the product, but not all. The exact percentages are also listed for some chemicals, but not others.","SECTION 2-INGREDIENT INFORMATION, SECTION 5-REACTIVITY DATA",
38,38,,,,
