Source(T/F),Answer(T/F),Question,Answer,Source,
T,T,What is the product identifier?,Antifreeze,"Section I. Identification, Product Identifier",
T/F,T/F,When was the Safety Data Sheet issued?,Information not available in the provided context,N/A,"沒找到資料， 更改問題為「When is the SDS prepared?」的答案為""The SDS was prepared by Product Safety - TAR on 7/3/2001."""
T,T,What is the product description?,Antifreeze,Section I. Product Identifier,
T,T,Who is the manufacturer of the product?,Petro-Canada,"Section XVI. Other Information, Section VI. Accidental Release Measures",
T,T,What is the emergency telephone number for the product?,"403-296-3000 for Petro-Canada, 613-996-6666 for Canutec Transportation",Section I. Chemical Product and Company Identification,
T,T,What are the hazard classifications associated with the product?,"The product is classified as WHMIS-CPR compliant, acceptable for use under the provisions of WHMIS-CPR, listed on CEPA-DSL (Domestic Substances List), US EPA-TSCA Inventory, and follows hazard criteria of Controlled Products Regulations (CPR). It has a HMIS rating of 0 in insignificant for health hazards. The product is stable but reactive with oxidizing agents, acids, and alkalis; it may release COx, smoke, and irritating vapours when heated to decomposition.","Section I, Section II, Section X, Section XV, Section VI",
T,T,What is the signal word used for the product?,Information not available in the provided context,N/A,
T,T,What are the hazard statements related to the product?,"The product is slightly irritating to skin, eyes, and respiratory tract. It is extremely dangerous in case of ingestion. Reacts with oxidizing agents, acids, and alkalis.","Section III. Hazards Identification., Section X. Stability and Reactivity",
T,T,What precautions should be taken while handling the product?,"For normal application, special ventilation is not necessary. If user's operations generate vapours or mist, use ventilation to keep exposure to airborne contaminants below the exposure limit. Make-up air should always be supplied to balance air removed by exhaust ventilation. Ensure that eyewash station and safety shower are close to work-station. Wear appropriate footwear to prevent product from coming in contact with feet and skin. Wear appropriate chemically protective gloves. When handling hot product ensure gloves are heat resistant and insulated. Where concentrations in air may exceed the occupational exposure limits given in Section 2 (and those applicable to your area) and where engineering, work practices or other means of exposure reduction are not adequate, NIOSH approved respirators may be necessary to prevent overexposure by inhalation. Wear appropriate clothing to prevent skin contact. As a minimum long sleeves and trousers should be worn. Eye protection (i.e., safety glasses, safety goggles and/or face shield) should be determined based on conditions of use.","Section VII. Handling and Storage, Section VIII. Exposure Controls/Personal Protection",
T,T,What are the first aid measures in case of inhalation?,"Evacuate the victim to a safe area as soon as possible. If the victim is not breathing, perform artificial respiration. Allow the victim to rest in a well ventilated area. Seek medical attention.",Section IV. First Aid Measures,
T,T,What are the first aid measures in case of skin contact?,Remove contaminated clothing - launder before reuse. Wash gently and thoroughly the contaminated skin with running water and non-abrasive soap. Seek medical attention.,Section IV. First Aid Measures,
T,T,What are the first aid measures in case of eye contact?,"IMMEDIATELY flush eyes with running water for at least 15 minutes, keeping eyelids open. Seek medical attention.",Section IV. First Aid Measures,
T,T,What are the first aid measures in case of ingestion?,DO NOT induce vomiting because of danger of aspirating liquid into lungs. Seek medical attention.,"Section IV. First Aid Measures, Ingestion",
T,T,What are the suitable extinguishing media for a fire involving the product?,"SMALL FIRE:  Use DRY chemicals, CO2, water spray or foam. LARGE FIRE:  Use water spray, fog or foam.  DO NOT use water jet.",Section V. Fire-fighting Measures,
T,T,What are the special hazards arising from the substance during a fire?,"Carbon oxides (CO, CO2), smoke, and irritating vapours as products of incomplete combustion.","Section IV. First Aid Measures, Section V. Fire-fighting Measures",
T,T,Are there any special fire handling procedures required for the product?,"Yes, specific fire handling procedures are required. For LARGE FIRE, use water spray, fog or foam, but DO NOT use water jet.",Section V. Fire-fighting Measures,
T,T,"How should accidental releases, spill, or leak of the product be handled?","For small spills, dilute with water and mop up or absorb with an inert DRY material and place in an appropriate waste disposal container. For large spills, absorb with an inert material and put the spilled material in an appropriate waste disposal container. Dispose of in accordance with regional regulations.",Section VI. Accidental Release Measures,
T,T,What precautions should be taken for safe handling and storage of the product?,"To ensure safe handling and storage of the product, follow these precautions: Wear appropriate footwear to prevent product from coming in contact with feet and skin. Ensure that eyewash station and safety shower are close to work-station. When handling hot product, wear heat resistant and insulated gloves. Use ventilation if user's operations generate vapours or mist to keep exposure to airborne contaminants below the exposure limit. For normal application, special ventilation is not necessary. Make-up air should always be supplied to balance air removed by exhaust ventilation. Keep container dry. Keep container tightly closed. Keep in a cool, well-ventilated place. Avoid contamination with reactive substances.","Section VII. Handling and Storage, Section VIII. Exposure Controls/Personal Protection",
T,T,What are the exposure controls and personal protection measures recommended for the product?,"Engineering controls such as special ventilation may be necessary to keep exposure to airborne contaminants below the exposure limit. Wear appropriate chemically protective gloves, especially when handling hot product ensure gloves are heat resistant and insulated. Personal protection equipment varies depending upon conditions of use. For normal application, special ventilation is not necessary. If user's operations generate vapours or mist, use ventilation to keep exposure to airborne contaminants below the exposure limit. When concentrations in air may exceed occupational exposure limits given in Section 2 (and those applicable to your area) and where engineering, work practices, or other means of exposure reduction are not adequate, NIOSH approved respirators may be necessary to prevent overexposure by inhalation. Wear appropriate clothing to prevent skin contact, as a minimum long sleeves and trousers should be worn. Eye protection (i.e., safety glasses, safety goggles, and/or face shield) should be determined based on conditions of use.","Section VII. Handling and Storage, Section VIII. Exposure Controls/Personal Protection",
T,T,What are the physical and chemical properties of the product?,"The product is a clear viscous liquid, green in colour, with an odourless smell. It has a density of 1.115 to 1.145 (Water = 1), a vapour density of 2.1 (Air=1), and a vapour pressure of 0.06 mmHg @ 20簞C (68繙F). It is soluble in water, methanol, and diethyl ether. The product has a boiling point of 129 to 197簞C (264 to 387簞F) and is reactive with oxidizing agents, acids, and alkalis.",Section IX. Physical and Chemical Properties,
T,T,Is the product stable or reactive? Are there any hazardous reactions to be aware of?,"The product is stable, but it may release COx, smoke, and irritating vapours when heated to decomposition. It is reactive with oxidizing agents, acids, and alkalis.",Section X. Stability and Reactivity,
T,T,What are the possible hazardous decomposition products of the product?,"COx, smoke and irritating vapours","Section X. Stability and Reactivity, Decomposition Products",
T,T,What is the toxicological information available for the product?,"The substance is slightly hazardous in case of eye contact (irritant), extremely dangerous in case of ingestion, slightly hazardous in case of inhalation (lung irritant) that can cause nausea, headaches and vomiting, and slightly hazardous in case of skin contact (irritant). It may be toxic to kidneys and liver. Repeated or prolonged exposure to the substance can produce target organs damage. The product is not a human carcinogen according to ACGIH. There are fetotoxic and teratogenic effects observed in mice at levels below maternal toxicity.","Context: Chronic or Other Toxic Effects, Section X. Stability and Reactivity, Other Considerations",
T,T,What are the safety precautions and handling instructions for using the product?,"When handling the product, wear appropriate footwear to prevent it from coming in contact with feet and skin. Wear chemically protective gloves when handling the product, ensuring they are heat-resistant and insulated if the product is hot. For normal application, special ventilation is not necessary; however, use ventilation to keep exposure to airborne contaminants below the exposure limit if vapors or mist are generated. Maintain a balance of air removed by exhaust ventilation with make-up air supplied. Ensure an eyewash station and safety shower are close to the work-station. Depending on conditions of use, wear appropriate clothing to prevent skin contact (minimum long sleeves and trousers), eye protection (safety glasses, goggles, or face shield) may be necessary, particularly in applications where splashing may occur. When concentrations in air may exceed occupational exposure limits, NIOSH-approved respirators might be necessary for inhalation prevention. The product is stable but reacts with oxidizing agents, acids, and alkalis; it will not polymerize under normal working conditions.","Section VII (Handling and Storage), Section VIII (Exposure Controls/Personal Protection), and Section X (Stability and Reactivity)",
T,T,What are the potential hazards associated with the product?,"Contact can cause slight irritation of skin, eyes, and respiratory tract. Extremely dangerous in case of ingestion. Slightly hazardous in case of inhalation (lung irritant). Can cause nausea, headaches, and vomiting. Slightly hazardous in case of skin contact (irritant). May release COx, smoke, and irritating vapours when heated to decomposition.","Section III. Hazards Identification., Section X. Stability and Reactivity, Section XI. Toxicological Information",
T,T,What are the specific health effects or risks associated with exposure to the product?,"Chronic or Other Toxic Effects for Dermal Route: Slightly hazardous in case of skin contact (irritant). For Inhalation Route: Slightly hazardous in case of inhalation (lung irritant), can cause nausea, headaches and vomiting. For Oral Route: Extremely dangerous in case of ingestion. Eye Irritation/Inflammation: Slightly hazardous in case of eye contact (irritant). The substance may be toxic to kidneys and liver. Repeated or prolonged exposure to the substance can produce target organs damage.","Section XI. Toxicological Information, Section III. Hazards Identification",
T,T,What are the emergency procedures in case of inhalation of the product?,"Evacuate the victim to a safe area as soon as possible. If the victim is not breathing, perform artificial respiration. Allow the victim to rest in a well-ventilated area. Seek medical attention.",Section IV. First Aid Measures,
T,T,What are the emergency procedures in case of skin contact with the product?,Remove contaminated clothing - launder before reuse. Wash gently and thoroughly the contaminated skin with running water and non-abrasive soap. Seek medical attention.,Section IV. First Aid Measures,
T,T,What are the emergency procedures in case of eye contact with the product?,"IMMEDIATELY flush eyes with running water for at least 15 minutes, keeping eyelids open. Seek medical attention.",Section IV. First Aid Measures,
T,F,What are the emergency procedures in case of ingestion of the product?,"Ingestion of the product can cause nausea, headaches, and vomiting. If ingested, seek medical attention. Evacuate the victim to a safe area as soon as possible.","Section IV. First Aid Measures, Section XI. Toxicological Information",處理方式不對
T,T,What is the waste disposal method for the product?,The preferred waste management priorities are: (1) recycle or reprocess; (2) incineration with energy recovery; (3) disposal at licensed waste disposal facility. Ensure that disposal or reprocessing is in compliance with government requirements and local disposal regulations.,"Section XIII. Disposal Considerations, Section VI. Accidental Release Measures",
T,T,Are there any specific storage requirements or conditions for safely storing the product?,Make-up air should always be supplied to balance air removed by exhaust ventilation. Ensure that eyewash station and safety shower are close to work-station. Wear appropriate footwear to prevent product from coming in contact with feet and skin. Store the product in a well-ventilated area if user's operations generate vapours or mist.,Section VII. Handling and Storage,
T,T,What is the shelf life of the product?,The product is stable. Information on shelf life is not available in the provided context.,Section X. Stability and Reactivity,
T,T,What are the composition and ingredients of the product?,"The product composition includes Ethylene glycol (CAS #107-21-1, >55%) and Sodium tetraborate pentahydrate (CAS #1330-43-4, <5%).",Section II. Composition and Information on Ingredients,
T,T,Are there any known hazardous reactions or incompatibilities with other substances or materials?,"Yes, there are known hazardous reactions. The product is stable (Section X. Stability and Reactivity), but it is reactive with oxidizing agents, acids, and alkalis. May release COx, smoke, and irritating vapours when heated to decomposition. Decomposition products include carbon oxides (CO, CO2), smoke, and irritating vapours as products of incomplete combustion.",Section X. Stability and Reactivity,
T,T/F,What is the odor of the product?,Not available,Odour,"文件上寫Odour Odourless，回答 Not available或許算正確答案?追加尋問「Is product Odourless?」回答為「Yes, the product is odourless」"
T,T,What is the boiling point of the product?,129 to 197簞C (264 to 387簞F),"Section IX. Physical and Chemical Properties, Boiling Point",
T,T,Is the product flammable?,"Yes, the product may be combustible at high temperature. Flash Points: Closed Cup: 116繙C (Tagliabue), Open Cup: 116繙C (Cleveland). Lower: 3.2%, Upper: 15.3%. Combustible in presence of open flames and sparks.","Section V. Fire-fighting Measures, Section X. Stability and Reactivity",
T,T,What is the solubility of the product?,"Soluble in water, methanol and diethyl ether",Section IX. Physical and Chemical Properties,
T,T,"Is the product stable under certain conditions, and are there any potential decomposition products?","The product is stable. However, it may release COx, smoke, and irritating vapours when heated to decomposition.","Section X. Stability and Reactivity, Decomposition Products",
T,T,"What are the recommended engineering controls, personal protective equipment (PPE), and respiratory protection for handling the product?","For handling, recommended engineering controls include special ventilation to keep exposure to airborne contaminants below the exposure limit. Personal protective equipment (PPE) includes chemically protective gloves, appropriate clothing (minimum long sleeves and trousers), and eye protection determined based on conditions of use. Respiratory protection may be necessary with NIOSH-approved respirators if concentrations in air exceed occupational exposure limits.","Section VII. Handling and Storage, Section VIII. Exposure Controls/Personal Protection",
T,T,Are there any specific environmental precautions or considerations for the disposal of the product or its containers?,"Ensure that disposal is in compliance with government requirements and local disposal regulations. Dispose of in accordance with regional regulations, and Preferred waste management priorities are: (1) recycle or reprocess; (2) incineration with energy recovery; (3) disposal at licensed waste disposal facility.","Section XIII. Disposal Considerations, Section VI. Accidental Release Measures",
T,T,Can the specific chemical identity or exact percentage of the composition be disclosed for the product?,"No, specific chemical identity or exact percentage of the composition cannot be disclosed for the product.",Section XV. Regulatory Information,
42,40,,,,
