Question,Answer,Source
What is the product identifier?,"S021001, S021001-SSNF03, S021001-SSNF04",Product numbers
When was the Safety Data Sheet issued?,Information not available in the provided context,N/A
What is the product description?,"LIQUID with a clear, colorless appearance and sharp, irritating odor",SECTION 9 ??PHYSICAL AND CHEMICAL PROPERTIES
Who is the manufacturer of the product?,Seastar Chemicals Inc,Supplier Information
What is the emergency telephone number for the product?,CANUTEC (CAN): (613)-996-6666,Context
What are the hazard classifications associated with the product?,"Serious eye damage ??Category 1, Corrosive","SECTION 3 ??Hazards Identification, EU Classification"
What is the signal word used for the product?,Danger,EUROPEAN UNION (EU) CLASSIFICATION AND LABELLING INFORMATION
What are the hazard statements related to the product?,H318: Causes serious eye damage. H302: Harmful if swallowed. H332: Harmful if inhaled.,EU Hazard Statements
What precautions should be taken while handling the product?,"Wear appropriate personal protective equipment, eliminate ignition sources, report leaks/spills/failures of engineering controls, prevent contamination of peroxide solutions, do not perform hot work on an empty vessel/container/piping, wash thoroughly after handling, use outdoors or in a well-ventilated area, wear protective gloves/clothing/eye protection/face protection.","Handling, P264, P270, P271, P280"
What are the first aid measures in case of inhalation?,"If symptoms experienced, remove source contamination or move victim to fresh air. If symptoms persist, immediately obtain medical attention.",SECTION 4 First Aid Measures
What are the first aid measures in case of skin contact?,Wear impervious gloves and appropriate protective clothing. Choose body protection according to the amount and concentration of the substance at the workplace.,"SECTION 4, First Aid Measures, Skin Protection"
What are the first aid measures in case of eye contact?,"If symptoms experienced, immediately flush contaminated eye(s) lukewarm gently flowing water for at least 30 minutes while holding eyelid(s) open. If contact lens present DO NOT delay irrigation attempt remove lens until flushing done. Neutral saline solution may be used as soon it available. Do not interrupt flushing.","SECTION 4, First Aid Measures"
What are the first aid measures in case of ingestion?,"Never give anything by mouth if victim is rapidly losing consciousness, is unconscious or convulsing. Have victim rinse mouth thoroughly with water. Do not induce vomiting. If vomiting occurs naturally, have victim rinse mouth with water again. Immediately obtain medical attention.",SECTION 4 First Aid Measures
What are the suitable extinguishing media for a fire involving the product?,"Water as fog, and large quantities of it. Carbon dioxide or other smothering extinguishers are ineffective on oxidizers.",Extinguishing Media
What are the special hazards arising from the substance during a fire?,"Closed containers may rupture violently due to rapid decomposition if exposed to fire or excessive heat for a sufficient period of time, contaminated with certain metals or dirt. The substance will not burn but can ignite combustible materials that come into contact with it.",SECTION 3 ??Hazards Identification
Are there any special fire handling procedures required for the product?,"Suitable for surrounding fires, use large quantities of water as fog to fight fires involving this material. Concentrations above 27.5% can cause combustible materials such as wood, paper, oils and grease to burst into flames and support the acceleration of burning combustible materials in a fire. Some chemical agents accelerate decomposition. Carbon dioxide or other smothering extinguishers are ineffective on oxidizers.","Extinguishing Media, SECTION 5 ??Fire Fighting Measures"
"How should accidental releases, spill, or leak of the product be handled?","Do not touch spilled material. Stop or reduce leak if safe to do so. Prevent material from entering sewers, waterways, or confined spaces. Absorbent material to contain spill. Remove liquid with compatible pumps or vacuum equipment. Place in suitable, covered, label-vented containers. Flush area with excess water.",SECTION 6 - Accidental Release Measures
What precautions should be taken for safe handling and storage of the product?,"Inspect containers for damage or leaks before handling, label containers, store below 35 °C in a cool, well-ventilated area out of direct sunlight away from heat and ignition sources and combustible materials, consider using closed handling systems, avoid generating vapors or mists, prevent release of vapors or mists into the air, maintain levels of stabilizer, replace water, inspect containers for damage or leaks before handling. For large scale operations, consider stringent control measures such as enclosure or isolation. When storing large quantities, store in an isolated fireproof building if possible and keep quantities stored as small as possible. Store area should be clearly identified, clear of obstruction and accessible only to trained and authorized personnel.","SECTION 7 ??Handling and Storage, SECTION 10 ??Regulations Information"
What are the exposure controls and personal protection measures recommended for the product?,"Use components tested and approved under NIOSH standards for exposure to hazardous chemicals, proper personal protective equipment as indicated in Section 8, controls include preventing contamination of peroxide solutions by any source including dust metals and organic materials, and do not perform hot work on an empty vessel container or piping until all material has been cleared.","Section 8, SECTION 16"
What are the physical and chemical properties of the product?,"The product is a liquid with clear, colorless appearance, sharp, irritating odor, slightly acidic to litmus paper, and has a vapour pressure of 18 mm Hg @ 30°C. It also has a vapour density of 1.2 (air=1), an evaporation rate that is not available, a viscosity of 1.11 mPa·s @ 20°C, and boiling points of 103.6 °C (218.5 °F) for 20% concentration and 106.2 °C for 30% concentration.",SECTION 9 ??PHYSICAL AND CHEMICAL PROPERTIES
Is the product stable or reactive? Are there any hazardous reactions to be aware of?,"The product is relatively stable but can decompose in sunlight, liberate oxygen, water, and heat. It may undergo hazardous reactions with organic compounds, metals, metal oxides, reducing agents, and potassium permanganate. The stability depends on temperature, pH, and the presence of impurities.","SECTION 10 Stability and Reactivity, SECTION 3 ??Hazards Identification"
What are the possible hazardous decomposition products of the product?,"Decomposition products when concentrated solutions decompose vigorously or explosively are not explicitly mentioned, but given the mode of decomposition is described as 'vigorous' for concentrated solutions, implying a strong exothermic reaction. However, the SDS does state that hydrogen peroxide can form an explosive mixture with potassium permanganate.",SECTION 3 ??Hazards Identification
What is the toxicological information available for the product?,"The toxicological information available for the product includes the following data: LD50/LC50 values for CAS# 7722-84-1 (oral, rat = 910 mg/kg; skin, rat = 3 gm/kg; intravenous, mouse = >50 gm/kg; oral, rabbit = 820 mg/kg) and CAS# 7732-18-5 (oral, rat = >90 mL/kg). Additionally, the product is classified as a toxic substance with carcinogenicity data showing mutation in microorganisms, embryo, and mammalian somatic cells.",SECTION 11 - Toxicological information
What are the safety precautions and handling instructions for using the product?,"Wear appropriate personal protective equipment, such as gloves, clothing, eye protection, and face protection (P280). Work outdoors or in a well-ventilated area (P271). Avoid contact with combustible materials. Eliminate ignition sources immediately if necessary (Context: Handling). Wash thoroughly after handling (P264). Do not eat, drink, or smoke while using the product (P270). If ingested, call a POISON CENTER or doctor/physician and seek medical attention. For inhalation, remove victim to fresh air and keep at rest in a comfortable position for breathing. Use a full-face supplied air respirator or similar personal respiratory protection device if necessary. Dispose of waste according to regulations (Waste disposal method: According to all applicable regulations).","P264, P270, P271, P280, Context: Handling, Waste disposal method"
What are the potential hazards associated with the product?,"Corrosive to eyes. May cause permanent injury including blindness. Corrosive to steel, iron, nickel, copper and its alloys. Target Organs: Blood, central nervous system, eyes. Contact with combustible materials may cause fire or explosion. Harmful if swallowed. Harmful if inhaled. Causes serious eye damage. Sharp pains in the abdomen foaming at the mouth vomiting temporary unconsciousness and fever sensor and motor impairment have also been described concentrated solutions greater than 20% irritate the gastrointestinal tract and may cause corrosive injury and death","SECTION 3 ??Hazards Identification, EU Hazard Statements"
What are the specific health effects or risks associated with exposure to the product?,"Acute exposure can cause corrosive effects, severe eye burns, skin irritation, and respiratory system irritation. Chronic exposure may lead to prolonged or repeated eye and throat irritation, corneal damage, dermatitis, and gradual bleaching of hair.","Effects of Acute Exposure, Effects of Chronic Exposure"
What are the emergency procedures in case of inhalation of the product?,"If symptoms experienced remove source contamination or move victim to fresh air. If symptoms persist, immediately obtain medical attention.",SECTION 4 - First Aid Measures
What are the emergency procedures in case of skin contact with the product?,"Remove contaminated clothing, shoes, and leather goods. Immediately flush with lukewarm water for at least 30 minutes while holding the skin in question open.",Skin
What are the emergency procedures in case of eye contact with the product?,"Immediately flush contaminated eye(s) lukewarm gently flowing water for at least 30 minutes while holding eyelid(s) open. If contact lens present, DO NOT delay irrigation attempt remove lens until flushing done. Neutral saline solution may be used as soon it available. Do not interrupt flushing.","SECTION 4 First Aid Measures, SECTION 3 ??Hazards Identification"
What are the emergency procedures in case of ingestion of the product?,"Never give anything by mouth if victim is rapidly losing consciousness, is unconscious or convulsing. Have victim rinse mouth thoroughly with water. Do not induce vomiting. If vomiting occurs naturally, have victim rinse mouth with water again. Immediately obtain medical attention.",SECTION 4 - First Aid Measures
What is the waste disposal method for the product?,"Dispose of in a manner consistent with federal, provincial/state/territorial, and local regulations. Chemical waste generators must determine whether discarded chemical is classified as hazardous waste. US EPA guidelines for disposal.",SECTION 13 ??Disposal Considerations
Are there any specific storage requirements or conditions for safely storing the product?,"The product should be stored below 35 °C, in a cool, well-ventilated area, out of direct sunlight, away from heat and ignition sources, and away from combustible materials. Storage facilities should be made of fire-resistant materials, such as stainless steel (#316). Store the product in suitable labeled containers, clear of obstruction, and accessible only to trained and authorized personnel.",Storage
What is the shelf life of the product?,"Relatively stable; stability depends on many factors including temperature, pH, and presence of impurities",SECTION 10 Stability and Reactivity
What are the composition and ingredients of the product?,"organic compounds containing carboxylic acids, anhydrides, nitrogen-containing bases, aldehydes, ketones, ethers, alcohols, charcoal, organic dust may ignite spontaneously; metals powdered or metallic surfaces metal oxides metal sulfides metal salts or iodates may cause violent decomposition; reducing agents like metal hydrides can react violently; potassium permanganate can explode when in contact with concentrated hydrogen peroxide",Context
Are there any known hazardous reactions or incompatibilities with other substances or materials?,"Yes, there are known hazardous reactions with hydrogen peroxide solutions (30% or greater) that can react explosively with many substances. Some organic compounds form unstable peroxides, and combustible materials may cause fire or explosion upon contact.","Incompatibilities with Other Materials, SECTION 3 ??Hazards Identification"
What is the odor of the product?,"Sharp, irritating odor",SECTION 9 ??Physical and Chemical Properties
What is the boiling point of the product?,"103.6 °C for 20% (w/w), 106.2 °C for 30% (w/w), and 108 °C for 35% (w/w); 223.2 °F","Boiling Point, Section not specified"
Is the product flammable?,"No, the product does not burn but is a moderate oxidizing material and can increase the risk of fire or intensity of a fire.","Extinguishing Media, NFA Rating"
What is the solubility of the product?,Soluble in all proportions in water; insoluble in petroleum ether,SECTION 10 Stability and Reactivity
"Is the product stable under certain conditions, and are there any potential decomposition products?","The product is stable under certain conditions, but can decompose in sunlight. It can also decompose with many substances, forming unstable peroxides. Potential decomposition products include oxygen, water, and heat.",SECTION 10 Stability and Reactivity
"What are the recommended engineering controls, personal protective equipment (PPE), and respiratory protection for handling the product?","Use components tested and approved under NIOSH guidelines for exposure to hazardous chemicals. Recommended engineering controls are not specified in the context, but general information suggests proper personal protective equipment (PPE) as indicated in Section 8. For PPE, wear rubber - butyl, natural or nitrile; Polyethylene; Viton; Tychem CPF 3, BR/LV, Responder; or TK for short-term use and polyvinyl chloride; Silver Shield/4H (polyethylene/ethylene vinyl alcohol) for longer-term use. For respiratory protection, use a full-face supplied air respirator or similar personal respiratory protection device that meets NIOSH standards.","Section 8, General information"
Are there any specific environmental precautions or considerations for the disposal of the product or its containers?,"Dispose of in a manner consistent with federal, provincial/state/territorial, and local regulations. Chemical waste generators must determine whether discarded chemical is classified as hazardous waste. US EPA guidelines for disposal.",SECTION 13 ??Disposal Considerations
Can the specific chemical identity or exact percentage of the composition be disclosed for the product?,No,"Liability Statement, Product Information"
